/Dr. Mohammad Rezaul Bari;		rezaul.bari@northsouth.edu:
/Dr. M. Rokonuzzaman	;	m.rokonuzzaman@northsouth.edu:
/Dr. K. M. A. Salam	;	kazi.salam@northsouth.edu:
/Dr. Mohammad Rashedur;		rashedur.rahman@northsouth.edu:
/Dr. Hafiz Abdur Rahman	;	hafiz.rahman@northsouth.edu:
/Dr. Shazzad Hosain	;	shazzad.hosain@northsouth.edu:
/Dr. Mohammad Abdul Matin;		mohammad.matin@northsouth.edu:
/Dr. Atiqur Rahman	;	atiqur.rahman@northsouth.edu:
/Dr. Rajesh Palit;		rajesh.palit@northsouth.edu: